Report Date,Week Ending Date,Health Region,Vaccination Status,Infections,Hospitalizations,Deaths,Population Denominator
9/24/21,4/10/21,Southwest Region,Partially Vaccinated,94,16,3,1335587
9/24/21,3/13/21,Southwest Region,Partially Vaccinated,107,11,2,804991
9/24/21,6/19/21,Southwest Region,Partially Vaccinated,8,1,0,575514
9/24/21,6/12/21,Central Region,Fully Vaccinated,18,0,0,4235855
9/24/21,4/3/21,Northwest Region,Unvaccinated,1400,45,15,5508296
9/24/21,5/15/21,Eastern Region,Partially Vaccinated,40,10,1,854793
9/24/21,4/17/21,Eastern Region,Fully Vaccinated,44,5,6,2382603
9/24/21,7/31/21,Northwest Region,Partially Vaccinated,53,5,0,564867
9/24/21,5/8/21,Southwest Region,Partially Vaccinated,45,9,2,970053
9/24/21,6/19/21,Northern Region,Partially Vaccinated,17,1,0,575514
9/24/21,2/27/21,Northwest Region,Unvaccinated,1510,27,4,7189262
9/24/21,3/6/21,Northern Region,Partially Vaccinated,87,11,4,693621
9/24/21,7/31/21,Central Region,Fully Vaccinated,387,6,7,4657238
9/24/21,9/11/21,Northern Region,Fully Vaccinated,818,12,0,4964222
9/24/21,4/10/21,Northwest Region,Partially Vaccinated,150,8,5,1335587
9/24/21,1/30/21,Eastern Region,Unvaccinated,5754,208,83,7756203
9/24/21,5/1/21,Northwest Region,Fully Vaccinated,39,1,0,3042614
9/24/21,1/30/21,Southwest Region,Partially Vaccinated,245,21,18,637549
9/24/21,6/5/21,Central Region,Unvaccinated,197,8,3,3728552
9/24/21,7/10/21,Northern Region,Partially Vaccinated,22,3,0,531387
9/24/21,5/22/21,Northern Region,Partially Vaccinated,59,2,0,807864
9/24/21,2/27/21,Northern Region,Partially Vaccinated,92,2,1,599377
9/24/21,4/24/21,Central Region,Unvaccinated,1150,40,13,4602741
9/24/21,3/6/21,Northwest Region,Fully Vaccinated,10,4,0,914621
9/24/21,6/19/21,Southwest Region,Fully Vaccinated,19,1,0,4353426
9/24/21,5/1/21,Eastern Region,Unvaccinated,1338,52,13,4388240
9/24/21,1/23/21,Northwest Region,Partially Vaccinated,157,3,5,445402
9/24/21,3/20/21,Northwest Region,Partially Vaccinated,67,5,1,965502
9/24/21,3/13/21,Eastern Region,Unvaccinated,2220,81,52,6649199
9/24/21,9/4/21,Northern Region,Unvaccinated,1954,39,2,2978072
9/24/21,4/24/21,Southwest Region,Partially Vaccinated,103,16,6,1225257
9/24/21,5/15/21,Southwest Region,Partially Vaccinated,40,6,0,854793
9/24/21,5/1/21,Northern Region,Unvaccinated,1047,28,6,4388240
9/24/21,1/23/21,Eastern Region,Unvaccinated,6775,268,115,8006973
9/24/21,8/21/21,Northwest Region,Fully Vaccinated,583,21,14,4792601
9/24/21,8/28/21,Southwest Region,Partially Vaccinated,260,1,0,644202
9/24/21,7/10/21,Southwest Region,Fully Vaccinated,68,13,2,4532652
9/24/21,5/1/21,Northwest Region,Partially Vaccinated,77,6,0,1104665
9/24/21,5/15/21,Eastern Region,Unvaccinated,626,36,11,4115664
9/24/21,2/6/21,Eastern Region,Partially Vaccinated,282,24,9,715996
9/24/21,7/31/21,Northwest Region,Fully Vaccinated,283,11,0,4657238
9/24/21,5/1/21,Eastern Region,Fully Vaccinated,32,3,2,3042614
9/24/21,8/7/21,Northern Region,Partially Vaccinated,142,1,0,599819
9/24/21,6/19/21,Northern Region,Unvaccinated,162,8,0,3606579
9/24/21,5/22/21,Southwest Region,Fully Vaccinated,51,7,4,3802817
9/24/21,2/6/21,Northern Region,Partially Vaccinated,126,12,5,715996
9/24/21,3/13/21,Northwest Region,Fully Vaccinated,8,0,0,1081329
9/24/21,3/20/21,Northern Region,Fully Vaccinated,27,2,0,1216291
9/24/21,3/27/21,Eastern Region,Partially Vaccinated,206,16,3,1182054
9/24/21,3/27/21,Southwest Region,Partially Vaccinated,103,16,4,1182054
9/24/21,9/4/21,Southwest Region,Fully Vaccinated,681,28,7,4911839
9/24/21,9/11/21,Eastern Region,Fully Vaccinated,447,16,1,4964222
9/24/21,8/21/21,Northern Region,Unvaccinated,1761,40,10,3104125
9/24/21,8/28/21,Southwest Region,Fully Vaccinated,623,26,7,4852088
9/24/21,6/5/21,Eastern Region,Partially Vaccinated,12,0,0,730034
9/24/21,9/11/21,Northwest Region,Fully Vaccinated,489,12,2,4964222
9/24/21,7/31/21,Northern Region,Fully Vaccinated,621,8,2,4657238
9/24/21,2/6/21,Central Region,Unvaccinated,3668,111,63,7589371
9/24/21,6/5/21,Northwest Region,Partially Vaccinated,12,1,0,730034
9/24/21,9/18/21,Eastern Region,Partially Vaccinated,296,11,0,641403
9/24/21,9/4/21,Eastern Region,Fully Vaccinated,481,19,0,4911839
9/24/21,2/13/21,Eastern Region,Fully Vaccinated,7,0,0,367440
9/24/21,4/3/21,Northern Region,Partially Vaccinated,298,5,2,1289603
9/24/21,7/17/21,Northwest Region,Fully Vaccinated,84,5,0,4579164
9/24/21,7/17/21,Northwest Region,Unvaccinated,389,19,3,3428473
9/24/21,1/30/21,Southwest Region,Fully Vaccinated,2,0,0,141767
9/24/21,7/3/21,Southwest Region,Partially Vaccinated,16,3,0,539921
9/24/21,7/24/21,Northwest Region,Fully Vaccinated,172,2,2,4619225
9/24/21,2/13/21,Northwest Region,Unvaccinated,2491,72,21,7470053
9/24/21,9/4/21,Northwest Region,Fully Vaccinated,548,19,5,4911839
9/24/21,5/15/21,Northern Region,Partially Vaccinated,68,2,0,854793
9/24/21,9/11/21,Central Region,Partially Vaccinated,223,2,0,645675
9/24/21,4/10/21,Central Region,Fully Vaccinated,29,4,2,2046658
9/24/21,7/10/21,Northwest Region,Unvaccinated,268,14,3,3471480
9/24/21,7/17/21,Central Region,Fully Vaccinated,108,3,2,4579164
9/24/21,2/20/21,Central Region,Unvaccinated,2344,76,35,7362549
9/24/21,8/14/21,Central Region,Unvaccinated,2274,65,23,3169523
9/24/21,5/15/21,Northern Region,Fully Vaccinated,42,2,1,3565062
9/24/21,7/24/21,Central Region,Fully Vaccinated,189,9,4,4619225
9/24/21,7/17/21,Eastern Region,Partially Vaccinated,39,5,2,527882
9/24/21,3/20/21,Central Region,Unvaccinated,1561,49,30,6353726
9/24/21,3/20/21,Southwest Region,Fully Vaccinated,15,3,1,1216291
9/24/21,9/4/21,Southwest Region,Unvaccinated,4976,122,22,2978072
9/24/21,8/14/21,Southwest Region,Fully Vaccinated,510,20,5,4740650
9/24/21,8/21/21,Northwest Region,Unvaccinated,2462,76,22,3104125
9/24/21,2/13/21,Southwest Region,Partially Vaccinated,137,9,8,698026
9/24/21,4/10/21,Southwest Region,Unvaccinated,1275,85,32,5153274
9/24/21,8/7/21,Northern Region,Unvaccinated,1366,43,4,3239711
9/24/21,4/24/21,Southwest Region,Fully Vaccinated,46,12,3,2707521
9/24/21,3/6/21,Southwest Region,Fully Vaccinated,11,2,0,914621
9/24/21,3/20/21,Southwest Region,Partially Vaccinated,122,7,3,965502
9/24/21,4/10/21,Eastern Region,Unvaccinated,1960,66,24,5153274
9/24/21,7/3/21,Northwest Region,Partially Vaccinated,9,5,2,539921
9/24/21,5/22/21,Eastern Region,Partially Vaccinated,30,2,0,807864
9/24/21,5/22/21,Northern Region,Fully Vaccinated,42,3,0,3802817
9/24/21,5/22/21,Southwest Region,Partially Vaccinated,27,4,0,807864
9/24/21,7/24/21,Eastern Region,Partially Vaccinated,66,0,0,539617
9/24/21,9/11/21,Southwest Region,Unvaccinated,5163,94,18,2925622
9/24/21,3/6/21,Central Region,Partially Vaccinated,91,9,2,693621
9/24/21,7/31/21,Southwest Region,Fully Vaccinated,334,30,3,4657238
9/24/21,8/14/21,Northwest Region,Unvaccinated,1711,69,19,3169523
9/24/21,8/14/21,Central Region,Fully Vaccinated,510,9,8,4740650
9/24/21,2/6/21,Eastern Region,Unvaccinated,5059,211,76,7589371
9/24/21,4/10/21,Northwest Region,Fully Vaccinated,27,1,0,2046658
9/24/21,4/3/21,Central Region,Partially Vaccinated,189,13,5,1289603
9/24/21,7/10/21,Central Region,Fully Vaccinated,68,6,2,4532652
9/24/21,5/29/21,Southwest Region,Fully Vaccinated,18,2,0,3953355
9/24/21,6/19/21,Northwest Region,Partially Vaccinated,7,1,0,575514
9/24/21,8/14/21,Northern Region,Fully Vaccinated,767,13,3,4740650
9/24/21,6/19/21,Central Region,Fully Vaccinated,20,0,0,4353426
9/24/21,4/3/21,Northwest Region,Partially Vaccinated,115,8,1,1289603
9/24/21,9/11/21,Northwest Region,Unvaccinated,4339,90,12,2925622
9/24/21,8/7/21,Northwest Region,Unvaccinated,1464,45,11,3239711
9/24/21,8/28/21,Northern Region,Unvaccinated,1909,43,3,3039229
9/24/21,5/15/21,Central Region,Partially Vaccinated,41,4,0,854793
9/24/21,6/26/21,Northern Region,Unvaccinated,189,3,1,3780584
9/24/21,8/28/21,Central Region,Partially Vaccinated,247,4,1,644202
9/24/21,5/8/21,Southwest Region,Fully Vaccinated,38,6,2,3314687
9/24/21,7/10/21,Northern Region,Unvaccinated,297,16,1,3471480
9/24/21,8/28/21,Eastern Region,Unvaccinated,4854,260,27,3039229
9/24/21,7/17/21,Southwest Region,Partially Vaccinated,19,2,2,527882
9/24/21,3/27/21,Northwest Region,Unvaccinated,1442,28,13,5894090
9/24/21,4/3/21,Northern Region,Fully Vaccinated,46,0,0,1737620
9/24/21,3/13/21,Northwest Region,Unvaccinated,1423,28,23,6649199
9/24/21,2/6/21,Southwest Region,Unvaccinated,2660,111,48,7589371
9/24/21,5/22/21,Northern Region,Unvaccinated,415,9,4,3924838
9/24/21,2/27/21,Southwest Region,Unvaccinated,1426,66,16,7189262
9/24/21,6/26/21,Eastern Region,Unvaccinated,266,22,8,3780584
9/24/21,1/30/21,Northern Region,Fully Vaccinated,3,0,0,141767
9/24/21,3/6/21,Southwest Region,Unvaccinated,1411,58,55,6927277
9/24/21,6/5/21,Central Region,Partially Vaccinated,10,0,0,730034
9/24/21,2/27/21,Eastern Region,Unvaccinated,2589,95,27,7189262
9/24/21,5/29/21,Southwest Region,Partially Vaccinated,35,4,0,778285
9/24/21,9/18/21,Northwest Region,Fully Vaccinated,397,15,0,5021157
9/24/21,4/24/21,Northwest Region,Partially Vaccinated,119,8,4,1225257
9/24/21,3/6/21,Eastern Region,Unvaccinated,2263,100,61,6927277
9/24/21,7/24/21,Eastern Region,Unvaccinated,1213,70,8,3376677
9/24/21,7/3/21,Northern Region,Fully Vaccinated,61,0,0,4484930
9/24/21,4/10/21,Central Region,Partially Vaccinated,181,16,4,1335587
9/24/21,5/15/21,Central Region,Fully Vaccinated,30,1,0,3565062
9/24/21,3/27/21,Northern Region,Unvaccinated,2602,58,9,5894090
9/24/21,5/29/21,Southwest Region,Unvaccinated,390,22,8,3803879
9/24/21,9/18/21,Northwest Region,Unvaccinated,4015,74,5,2872959
9/24/21,5/22/21,Northwest Region,Partially Vaccinated,25,2,0,807864
9/24/21,3/27/21,Northwest Region,Fully Vaccinated,25,0,0,1459375
9/24/21,6/5/21,Central Region,Fully Vaccinated,15,4,0,4076933
9/24/21,8/14/21,Northern Region,Unvaccinated,1519,55,10,3169523
9/24/21,7/10/21,Central Region,Partially Vaccinated,24,0,0,531387
9/24/21,3/13/21,Southwest Region,Fully Vaccinated,7,1,0,1081329
9/24/21,1/23/21,Eastern Region,Partially Vaccinated,220,7,12,445402
9/24/21,1/23/21,Southwest Region,Fully Vaccinated,1,0,0,83144
9/24/21,7/17/21,Central Region,Unvaccinated,588,14,7,3428473
9/24/21,8/14/21,Eastern Region,Partially Vaccinated,282,13,3,625346
9/24/21,9/18/21,Northern Region,Unvaccinated,2145,35,1,2872959
9/24/21,9/4/21,Northern Region,Partially Vaccinated,199,4,1,645608
9/24/21,2/27/21,Southwest Region,Partially Vaccinated,61,5,5,599377
9/24/21,6/12/21,Northern Region,Partially Vaccinated,17,0,0,637587
9/24/21,8/21/21,Eastern Region,Fully Vaccinated,759,35,16,4792601
9/24/21,7/24/21,Eastern Region,Fully Vaccinated,259,14,3,4619225
9/24/21,2/20/21,Southwest Region,Fully Vaccinated,9,2,0,526245
9/24/21,9/11/21,Central Region,Unvaccinated,3364,38,6,2925622
9/24/21,9/4/21,Eastern Region,Partially Vaccinated,366,16,2,645608
9/24/21,5/1/21,Central Region,Unvaccinated,1001,34,7,4388240
9/24/21,9/4/21,Central Region,Fully Vaccinated,366,9,4,4911839
9/24/21,9/11/21,Northern Region,Partially Vaccinated,217,4,0,645675
9/24/21,2/6/21,Eastern Region,Fully Vaccinated,0,0,0,230152
9/24/21,7/3/21,Southwest Region,Unvaccinated,284,28,6,3510668
9/24/21,7/31/21,Southwest Region,Partially Vaccinated,48,6,0,564867
9/24/21,8/21/21,Northern Region,Partially Vaccinated,207,8,0,638793
9/24/21,6/26/21,Southwest Region,Unvaccinated,233,22,6,3780584
9/24/21,3/13/21,Central Region,Unvaccinated,1629,42,35,6649199
9/24/21,3/27/21,Northern Region,Partially Vaccinated,243,9,3,1182054
9/24/21,1/23/21,Northwest Region,Fully Vaccinated,0,0,0,83144
9/24/21,2/27/21,Central Region,Partially Vaccinated,74,14,2,599377
9/24/21,5/8/21,Northwest Region,Partially Vaccinated,86,5,1,970053
9/24/21,5/15/21,Northwest Region,Fully Vaccinated,39,3,0,3565062
9/24/21,7/3/21,Central Region,Partially Vaccinated,12,2,0,539921
9/24/21,2/13/21,Northern Region,Partially Vaccinated,110,12,4,698026
9/24/21,4/17/21,Southwest Region,Fully Vaccinated,62,7,3,2382603
9/24/21,1/23/21,Northern Region,Partially Vaccinated,152,12,9,445402
9/24/21,6/5/21,Northwest Region,Fully Vaccinated,27,0,0,4076933
9/24/21,4/10/21,Northwest Region,Unvaccinated,1484,60,14,5153274
9/24/21,6/26/21,Northwest Region,Fully Vaccinated,32,2,0,4226322
9/24/21,5/22/21,Central Region,Unvaccinated,391,14,6,3924838
9/24/21,8/7/21,Northwest Region,Partially Vaccinated,116,6,0,599819
9/24/21,2/27/21,Eastern Region,Partially Vaccinated,93,13,9,599377
9/24/21,3/6/21,Eastern Region,Fully Vaccinated,9,0,0,914621
9/24/21,3/20/21,Northern Region,Unvaccinated,2465,54,22,6353726
9/24/21,4/24/21,Northern Region,Fully Vaccinated,56,5,4,2707521
9/24/21,7/17/21,Southwest Region,Fully Vaccinated,111,20,3,4579164
9/24/21,5/29/21,Northern Region,Fully Vaccinated,25,4,2,3953355
9/24/21,6/5/21,Eastern Region,Fully Vaccinated,19,6,3,4076933
9/24/21,7/31/21,Central Region,Unvaccinated,1473,34,23,3313414
9/24/21,7/3/21,Northern Region,Partially Vaccinated,24,0,0,539921
9/24/21,5/8/21,Northwest Region,Unvaccinated,808,26,11,4250779
9/24/21,6/12/21,Northwest Region,Unvaccinated,197,9,3,3662077
9/24/21,5/15/21,Central Region,Unvaccinated,523,16,7,4115664
9/24/21,9/4/21,Central Region,Unvaccinated,3617,52,9,2978072
9/24/21,1/30/21,Central Region,Unvaccinated,4475,96,53,7756203
9/24/21,7/17/21,Northern Region,Partially Vaccinated,56,4,1,527882
9/24/21,3/13/21,Northern Region,Unvaccinated,2394,57,19,6649199
9/24/21,7/3/21,Southwest Region,Fully Vaccinated,41,0,0,4484930
9/24/21,3/13/21,Eastern Region,Fully Vaccinated,15,0,0,1081329
9/24/21,1/23/21,Northwest Region,Unvaccinated,4066,114,43,8006973
9/24/21,2/27/21,Northwest Region,Fully Vaccinated,5,3,1,746880
9/24/21,2/20/21,Northwest Region,Partially Vaccinated,84,6,1,646725
9/24/21,1/23/21,Central Region,Unvaccinated,5436,99,90,8006973
9/24/21,3/27/21,Southwest Region,Fully Vaccinated,29,3,2,1459375
9/24/21,2/13/21,Eastern Region,Unvaccinated,4043,152,50,7470053
9/24/21,6/26/21,Southwest Region,Partially Vaccinated,7,3,0,528613
9/24/21,2/20/21,Eastern Region,Fully Vaccinated,10,0,0,526245
9/24/21,5/1/21,Southwest Region,Unvaccinated,1027,75,21,4388240
9/24/21,4/24/21,Northern Region,Partially Vaccinated,266,17,0,1225257
9/24/21,2/6/21,Central Region,Fully Vaccinated,4,0,0,230152
9/24/21,8/28/21,Central Region,Unvaccinated,3629,48,15,3039229
9/24/21,6/26/21,Eastern Region,Fully Vaccinated,25,2,1,4226322
9/24/21,5/29/21,Northwest Region,Partially Vaccinated,24,3,0,778285
9/24/21,2/20/21,Eastern Region,Unvaccinated,3325,149,42,7362549
9/24/21,8/21/21,Southwest Region,Partially Vaccinated,185,8,2,638793
9/24/21,4/17/21,Central Region,Partially Vaccinated,180,6,8,1293027
9/24/21,7/31/21,Central Region,Partially Vaccinated,114,2,4,564867
9/24/21,2/27/21,Northern Region,Unvaccinated,2614,39,4,7189262
9/24/21,7/17/21,Central Region,Partially Vaccinated,26,0,0,527882
9/24/21,6/19/21,Central Region,Partially Vaccinated,16,2,0,575514
9/24/21,2/13/21,Southwest Region,Unvaccinated,2131,85,37,7470053
9/24/21,4/17/21,Northern Region,Partially Vaccinated,335,10,6,1293027
9/24/21,7/17/21,Northern Region,Unvaccinated,438,14,1,3428473
9/24/21,8/14/21,Northwest Region,Fully Vaccinated,492,21,4,4740650
9/24/21,5/1/21,Southwest Region,Fully Vaccinated,57,7,3,3042614
9/24/21,2/20/21,Northern Region,Unvaccinated,2669,42,10,7362549
9/24/21,4/24/21,Eastern Region,Partially Vaccinated,141,11,3,1225257
9/24/21,8/7/21,Southwest Region,Unvaccinated,1775,85,30,3239711
9/24/21,5/8/21,Central Region,Unvaccinated,716,29,12,4250779
9/24/21,2/13/21,Southwest Region,Fully Vaccinated,5,0,1,367440
9/24/21,7/10/21,Eastern Region,Fully Vaccinated,73,1,2,4532652
9/24/21,5/29/21,Northern Region,Partially Vaccinated,38,5,1,778285
9/24/21,6/5/21,Northern Region,Unvaccinated,250,10,4,3728552
9/24/21,7/3/21,Central Region,Fully Vaccinated,48,3,0,4484930
9/24/21,7/10/21,Central Region,Unvaccinated,349,10,1,3471480
9/24/21,5/29/21,Eastern Region,Partially Vaccinated,25,2,0,778285
9/24/21,5/8/21,Northern Region,Fully Vaccinated,53,3,2,3314687
9/24/21,5/8/21,Eastern Region,Unvaccinated,942,43,7,4250779
9/24/21,8/7/21,Eastern Region,Unvaccinated,2790,166,20,3239711
9/24/21,8/28/21,Eastern Region,Fully Vaccinated,588,19,6,4852088
9/24/21,3/20/21,Central Region,Partially Vaccinated,139,13,5,965502
9/24/21,6/19/21,Eastern Region,Partially Vaccinated,10,1,1,575514
9/24/21,4/17/21,Southwest Region,Partially Vaccinated,157,11,2,1293027
9/24/21,5/29/21,Central Region,Fully Vaccinated,21,3,3,3953355
9/24/21,8/14/21,Central Region,Partially Vaccinated,176,9,0,625346
9/24/21,4/3/21,Central Region,Fully Vaccinated,17,1,1,1737620
9/24/21,7/31/21,Eastern Region,Fully Vaccinated,418,19,9,4657238
9/24/21,2/6/21,Northwest Region,Partially Vaccinated,212,10,6,715996
9/24/21,9/11/21,Eastern Region,Unvaccinated,4557,266,12,2925622
9/24/21,4/10/21,Eastern Region,Partially Vaccinated,241,18,8,1335587
9/24/21,4/17/21,Central Region,Unvaccinated,1507,51,18,4859889
9/24/21,8/28/21,Northern Region,Fully Vaccinated,757,11,3,4852088
9/24/21,3/20/21,Eastern Region,Fully Vaccinated,19,2,0,1216291
9/24/21,7/3/21,Eastern Region,Unvaccinated,293,15,1,3510668
9/24/21,6/26/21,Eastern Region,Partially Vaccinated,6,0,0,528613
9/24/21,4/10/21,Northern Region,Partially Vaccinated,386,21,1,1335587
9/24/21,1/23/21,Southwest Region,Unvaccinated,4283,146,53,8006973
9/24/21,4/24/21,Southwest Region,Unvaccinated,1050,70,27,4602741
9/24/21,1/30/21,Eastern Region,Partially Vaccinated,228,19,13,637549
9/24/21,3/20/21,Northwest Region,Unvaccinated,1271,17,6,6353726
9/24/21,5/8/21,Northern Region,Unvaccinated,809,20,7,4250779
9/24/21,7/31/21,Eastern Region,Partially Vaccinated,112,4,0,564867
9/24/21,4/24/21,Eastern Region,Unvaccinated,1476,60,16,4602741
9/24/21,7/24/21,Northwest Region,Partially Vaccinated,35,0,0,539617
9/24/21,2/20/21,Northwest Region,Fully Vaccinated,8,0,0,526245
9/24/21,4/3/21,Southwest Region,Partially Vaccinated,96,15,4,1289603
9/24/21,8/14/21,Eastern Region,Fully Vaccinated,690,28,9,4740650
9/24/21,8/7/21,Central Region,Partially Vaccinated,121,2,0,599819
9/24/21,6/12/21,Northern Region,Unvaccinated,221,11,2,3662077
9/24/21,3/20/21,Eastern Region,Partially Vaccinated,131,16,5,965502
9/24/21,6/12/21,Eastern Region,Partially Vaccinated,11,0,1,637587
9/24/21,7/24/21,Southwest Region,Unvaccinated,780,63,11,3376677
9/24/21,5/8/21,Central Region,Partially Vaccinated,62,5,2,970053
9/24/21,5/29/21,Northern Region,Unvaccinated,256,14,1,3803879
9/24/21,6/26/21,Northern Region,Partially Vaccinated,27,1,0,528613
9/24/21,8/14/21,Eastern Region,Unvaccinated,3684,219,43,3169523
9/24/21,7/17/21,Northern Region,Fully Vaccinated,274,5,0,4579164
9/24/21,4/10/21,Northern Region,Fully Vaccinated,47,1,0,2046658
9/24/21,6/26/21,Central Region,Partially Vaccinated,20,0,0,528613
9/24/21,2/20/21,Southwest Region,Unvaccinated,1704,71,13,7362549
9/24/21,2/13/21,Eastern Region,Partially Vaccinated,241,16,8,698026
9/24/21,6/5/21,Northern Region,Partially Vaccinated,30,0,0,730034
9/24/21,9/18/21,Central Region,Unvaccinated,3359,29,2,2872959
9/24/21,2/20/21,Central Region,Partially Vaccinated,91,11,9,646725
9/24/21,1/23/21,Northern Region,Unvaccinated,5982,165,65,8006973
9/24/21,3/6/21,Eastern Region,Partially Vaccinated,90,15,5,693621
9/24/21,7/31/21,Northern Region,Partially Vaccinated,105,2,0,564867
9/24/21,3/27/21,Eastern Region,Unvaccinated,2391,81,17,5894090
9/24/21,9/18/21,Central Region,Fully Vaccinated,277,11,1,5021157
9/24/21,7/17/21,Southwest Region,Unvaccinated,446,34,7,3428473
9/24/21,2/20/21,Northwest Region,Unvaccinated,2280,51,17,7362549
9/24/21,2/20/21,Eastern Region,Partially Vaccinated,189,17,5,646725
9/24/21,6/12/21,Southwest Region,Unvaccinated,180,19,2,3662077
9/24/21,7/24/21,Southwest Region,Partially Vaccinated,33,2,0,539617
9/24/21,9/11/21,Central Region,Fully Vaccinated,321,16,2,4964222
9/24/21,6/12/21,Northern Region,Fully Vaccinated,35,0,0,4235855
9/24/21,2/27/21,Central Region,Unvaccinated,1951,54,19,7189262
9/24/21,9/18/21,Eastern Region,Unvaccinated,4149,174,4,2872959
9/24/21,7/10/21,Eastern Region,Unvaccinated,496,27,6,3471480
9/24/21,8/7/21,Central Region,Unvaccinated,1748,29,19,3239711
9/24/21,7/24/21,Northern Region,Partially Vaccinated,76,4,0,539617
9/24/21,2/20/21,Northern Region,Partially Vaccinated,90,12,5,646725
9/24/21,4/24/21,Northern Region,Unvaccinated,1437,37,5,4602741
9/24/21,7/3/21,Northern Region,Unvaccinated,155,4,0,3510668
9/24/21,3/20/21,Northwest Region,Fully Vaccinated,16,1,0,1216291
9/24/21,7/31/21,Northwest Region,Unvaccinated,930,26,9,3313414
9/24/21,8/21/21,Eastern Region,Partially Vaccinated,354,12,6,638793
9/24/21,6/12/21,Southwest Region,Fully Vaccinated,26,3,0,4235855
9/24/21,8/21/21,Eastern Region,Unvaccinated,4249,228,38,3104125
9/24/21,9/4/21,Northwest Region,Unvaccinated,4008,98,19,2978072
9/24/21,9/4/21,Northwest Region,Partially Vaccinated,262,5,3,645608
9/24/21,3/27/21,Southwest Region,Unvaccinated,1297,71,12,5894090
9/24/21,4/17/21,Eastern Region,Partially Vaccinated,201,15,6,1293027
9/24/21,1/23/21,Central Region,Partially Vaccinated,224,11,14,445402
9/24/21,5/22/21,Northwest Region,Fully Vaccinated,38,3,0,3802817
9/24/21,6/12/21,Central Region,Partially Vaccinated,19,2,0,637587
9/24/21,4/10/21,Eastern Region,Fully Vaccinated,44,11,1,2046658
9/24/21,5/29/21,Northwest Region,Fully Vaccinated,22,6,0,3953355
9/24/21,5/8/21,Northwest Region,Fully Vaccinated,42,4,1,3314687
9/24/21,1/30/21,Central Region,Fully Vaccinated,2,0,0,141767
9/24/21,7/10/21,Eastern Region,Partially Vaccinated,17,0,0,531387
9/24/21,2/27/21,Central Region,Fully Vaccinated,9,1,1,746880
9/24/21,2/6/21,Northwest Region,Fully Vaccinated,1,0,0,230152
9/24/21,4/3/21,Eastern Region,Fully Vaccinated,20,2,0,1737620
9/24/21,1/30/21,Northwest Region,Unvaccinated,3531,90,46,7756203
9/24/21,3/20/21,Southwest Region,Unvaccinated,1207,63,28,6353726
9/24/21,3/20/21,Northern Region,Partially Vaccinated,154,12,1,965502
9/24/21,9/4/21,Eastern Region,Unvaccinated,4569,274,27,2978072
9/24/21,7/24/21,Northwest Region,Unvaccinated,584,9,2,3376677
9/24/21,2/6/21,Northern Region,Unvaccinated,3933,75,25,7589371
9/24/21,3/6/21,Northern Region,Unvaccinated,2305,55,23,6927277
9/24/21,9/4/21,Central Region,Partially Vaccinated,256,5,0,645608
9/24/21,5/22/21,Northwest Region,Unvaccinated,469,29,7,3924838
9/24/21,5/1/21,Northern Region,Partially Vaccinated,222,7,1,1104665
9/24/21,6/26/21,Central Region,Unvaccinated,194,11,4,3780584
9/24/21,9/18/21,Northern Region,Fully Vaccinated,548,5,0,5021157
9/24/21,5/22/21,Central Region,Fully Vaccinated,11,1,2,3802817
9/24/21,9/4/21,Southwest Region,Partially Vaccinated,399,8,2,645608
9/24/21,8/7/21,Eastern Region,Fully Vaccinated,533,21,4,4695989
9/24/21,1/30/21,Southwest Region,Unvaccinated,3330,132,61,7756203
9/24/21,4/17/21,Northwest Region,Fully Vaccinated,30,2,1,2382603
9/24/21,8/21/21,Central Region,Fully Vaccinated,650,19,3,4792601
9/24/21,3/13/21,Northern Region,Fully Vaccinated,14,1,0,1081329
9/24/21,8/21/21,Southwest Region,Fully Vaccinated,668,45,13,4792601
9/24/21,5/15/21,Southwest Region,Unvaccinated,677,55,12,4115664
9/24/21,6/26/21,Southwest Region,Fully Vaccinated,25,2,1,4226322
9/24/21,4/24/21,Central Region,Partially Vaccinated,103,6,1,1225257
9/24/21,4/17/21,Southwest Region,Unvaccinated,1287,97,18,4859889
9/24/21,9/18/21,Southwest Region,Unvaccinated,4653,57,9,2872959
9/24/21,4/24/21,Northwest Region,Unvaccinated,1161,35,10,4602741
9/24/21,7/17/21,Northwest Region,Partially Vaccinated,26,2,0,527882
9/24/21,3/6/21,Northwest Region,Unvaccinated,1198,26,21,6927277
9/24/21,5/29/21,Northwest Region,Unvaccinated,312,20,5,3803879
9/24/21,2/6/21,Northern Region,Fully Vaccinated,0,0,0,230152
9/24/21,5/1/21,Central Region,Fully Vaccinated,27,5,1,3042614
9/24/21,8/7/21,Northern Region,Fully Vaccinated,688,13,1,4695989
9/24/21,3/13/21,Southwest Region,Unvaccinated,1302,52,55,6649199
9/24/21,3/6/21,Northwest Region,Partially Vaccinated,49,2,2,693621
9/24/21,7/31/21,Southwest Region,Unvaccinated,1254,57,23,3313414
9/24/21,3/6/21,Central Region,Unvaccinated,1840,65,42,6927277
9/24/21,9/11/21,Eastern Region,Partially Vaccinated,352,23,1,645675
9/24/21,5/29/21,Central Region,Unvaccinated,296,12,4,3803879
9/24/21,9/18/21,Northern Region,Partially Vaccinated,172,4,0,641403
9/24/21,8/14/21,Southwest Region,Partially Vaccinated,140,3,3,625346
9/24/21,6/12/21,Northwest Region,Partially Vaccinated,11,0,0,637587
9/24/21,5/22/21,Eastern Region,Fully Vaccinated,26,2,0,3802817
9/24/21,5/1/21,Northern Region,Fully Vaccinated,85,3,0,3042614
9/24/21,7/10/21,Northern Region,Fully Vaccinated,134,9,0,4532652
9/24/21,6/19/21,Eastern Region,Fully Vaccinated,30,3,0,4353426
9/24/21,2/27/21,Southwest Region,Fully Vaccinated,8,0,0,746880
9/24/21,7/24/21,Southwest Region,Fully Vaccinated,167,7,0,4619225
9/24/21,5/8/21,Central Region,Fully Vaccinated,21,1,0,3314687
9/24/21,6/12/21,Northwest Region,Fully Vaccinated,21,4,0,4235855
9/24/21,4/10/21,Central Region,Unvaccinated,1582,52,29,5153274
9/24/21,5/1/21,Eastern Region,Partially Vaccinated,96,7,1,1104665
9/24/21,4/24/21,Eastern Region,Fully Vaccinated,32,3,0,2707521
9/24/21,5/15/21,Southwest Region,Fully Vaccinated,44,6,1,3565062
9/24/21,8/7/21,Southwest Region,Partially Vaccinated,91,4,0,599819
9/24/21,5/22/21,Central Region,Partially Vaccinated,27,4,1,807864
9/24/21,6/26/21,Northwest Region,Unvaccinated,170,11,5,3780584
9/24/21,2/13/21,Northwest Region,Partially Vaccinated,114,11,4,698026
9/24/21,6/5/21,Southwest Region,Fully Vaccinated,31,11,1,4076933
9/24/21,7/3/21,Eastern Region,Partially Vaccinated,13,2,0,539921
9/24/21,7/3/21,Northwest Region,Unvaccinated,208,15,1,3510668
9/24/21,8/14/21,Southwest Region,Unvaccinated,2214,85,27,3169523
9/24/21,6/19/21,Northern Region,Fully Vaccinated,49,1,0,4353426
9/24/21,3/13/21,Central Region,Partially Vaccinated,118,12,4,804991
9/24/21,1/23/21,Central Region,Fully Vaccinated,1,0,0,83144
9/24/21,3/13/21,Northwest Region,Partially Vaccinated,56,5,0,804991
9/24/21,9/11/21,Northern Region,Unvaccinated,2147,39,4,2925622
9/24/21,5/22/21,Southwest Region,Unvaccinated,527,38,10,3924838
9/24/21,3/27/21,Eastern Region,Fully Vaccinated,28,4,0,1459375
9/24/21,5/8/21,Northern Region,Partially Vaccinated,133,7,2,970053
9/24/21,7/10/21,Southwest Region,Unvaccinated,305,22,6,3471480
9/24/21,4/3/21,Eastern Region,Partially Vaccinated,210,14,9,1289603
9/24/21,6/5/21,Northern Region,Fully Vaccinated,53,6,0,4076933
9/24/21,1/23/21,Eastern Region,Fully Vaccinated,0,0,0,83144
9/24/21,1/30/21,Central Region,Partially Vaccinated,223,6,14,637549
9/24/21,3/13/21,Eastern Region,Partially Vaccinated,116,21,10,804991
9/24/21,8/21/21,Southwest Region,Unvaccinated,3033,109,27,3104125
9/24/21,3/27/21,Central Region,Unvaccinated,1775,48,12,5894090
9/24/21,7/24/21,Central Region,Unvaccinated,935,28,9,3376677
9/24/21,6/5/21,Southwest Region,Unvaccinated,263,31,4,3728552
9/24/21,6/5/21,Eastern Region,Unvaccinated,322,23,2,3728552
9/24/21,5/8/21,Eastern Region,Partially Vaccinated,53,4,0,970053
9/24/21,5/1/21,Southwest Region,Partially Vaccinated,65,9,0,1104665
9/24/21,6/12/21,Southwest Region,Partially Vaccinated,11,1,0,637587
9/24/21,6/12/21,Central Region,Unvaccinated,167,7,2,3662077
9/24/21,6/19/21,Central Region,Unvaccinated,146,1,2,3606579
9/24/21,6/12/21,Eastern Region,Fully Vaccinated,21,4,0,4235855
9/24/21,3/27/21,Central Region,Partially Vaccinated,187,8,5,1182054
9/24/21,7/10/21,Northwest Region,Fully Vaccinated,69,1,0,4532652
9/24/21,2/13/21,Northern Region,Fully Vaccinated,4,0,0,367440
9/24/21,3/27/21,Northwest Region,Partially Vaccinated,96,8,2,1182054
9/24/21,7/3/21,Northwest Region,Fully Vaccinated,35,2,0,4484930
9/24/21,3/6/21,Southwest Region,Partially Vaccinated,59,6,1,693621
9/24/21,8/28/21,Northwest Region,Fully Vaccinated,600,25,7,4852088
9/24/21,6/19/21,Northwest Region,Unvaccinated,157,8,1,3606579
9/24/21,8/21/21,Northwest Region,Partially Vaccinated,165,0,1,638793
9/24/21,2/27/21,Northern Region,Fully Vaccinated,13,0,0,746880
9/24/21,5/15/21,Northwest Region,Partially Vaccinated,42,3,2,854793
9/24/21,4/3/21,Southwest Region,Unvaccinated,1128,86,14,5508296
9/24/21,8/14/21,Northwest Region,Partially Vaccinated,114,5,0,625346
9/24/21,7/24/21,Central Region,Partially Vaccinated,34,0,0,539617
9/24/21,6/26/21,Northwest Region,Partially Vaccinated,9,2,0,528613
9/24/21,7/10/21,Southwest Region,Partially Vaccinated,14,1,0,531387
9/24/21,2/13/21,Northwest Region,Fully Vaccinated,10,0,1,367440
9/24/21,5/22/21,Eastern Region,Unvaccinated,603,26,4,3924838
9/24/21,7/3/21,Central Region,Unvaccinated,261,11,0,3510668
9/24/21,5/8/21,Southwest Region,Unvaccinated,809,55,14,4250779
9/24/21,2/6/21,Southwest Region,Partially Vaccinated,213,18,10,715996
9/24/21,6/5/21,Northwest Region,Unvaccinated,249,19,7,3728552
9/24/21,8/7/21,Eastern Region,Partially Vaccinated,217,14,0,599819
9/24/21,9/18/21,Eastern Region,Fully Vaccinated,334,9,0,5021157
9/24/21,3/27/21,Central Region,Fully Vaccinated,18,0,0,1459375
9/24/21,3/13/21,Northern Region,Partially Vaccinated,113,7,2,804991
9/24/21,7/3/21,Eastern Region,Fully Vaccinated,51,3,0,4484930
9/24/21,2/6/21,Southwest Region,Fully Vaccinated,4,0,0,230152
9/24/21,4/3/21,Southwest Region,Fully Vaccinated,20,2,0,1737620
9/24/21,3/27/21,Northern Region,Fully Vaccinated,45,2,2,1459375
9/24/21,1/23/21,Northern Region,Fully Vaccinated,1,0,0,83144
9/24/21,6/19/21,Eastern Region,Unvaccinated,238,20,2,3606579
9/24/21,4/17/21,Northwest Region,Unvaccinated,1411,59,16,4859889
9/24/21,8/7/21,Southwest Region,Fully Vaccinated,400,18,6,4695989
9/24/21,2/20/21,Northern Region,Fully Vaccinated,4,0,0,526245
9/24/21,3/6/21,Northern Region,Fully Vaccinated,11,1,1,914621
9/24/21,8/28/21,Northern Region,Partially Vaccinated,187,5,0,644202
9/24/21,3/6/21,Central Region,Fully Vaccinated,8,1,0,914621
9/24/21,1/30/21,Northern Region,Partially Vaccinated,125,7,4,637549
9/24/21,2/13/21,Central Region,Partially Vaccinated,163,15,5,698026
9/24/21,7/17/21,Eastern Region,Fully Vaccinated,109,5,3,4579164
9/24/21,4/3/21,Northern Region,Unvaccinated,2507,61,7,5508296
9/24/21,9/18/21,Southwest Region,Fully Vaccinated,515,12,0,5021157
9/24/21,2/27/21,Eastern Region,Fully Vaccinated,4,0,0,746880
9/24/21,4/24/21,Central Region,Fully Vaccinated,34,1,3,2707521
9/24/21,4/10/21,Northern Region,Unvaccinated,2333,46,13,5153274
9/24/21,2/6/21,Central Region,Partially Vaccinated,230,19,8,715996
9/24/21,2/27/21,Northwest Region,Partially Vaccinated,46,4,2,599377
9/24/21,2/20/21,Central Region,Fully Vaccinated,8,0,0,526245
9/24/21,6/19/21,Northwest Region,Fully Vaccinated,18,1,0,4353426
9/24/21,8/14/21,Northern Region,Partially Vaccinated,158,4,0,625346
9/24/21,5/1/21,Central Region,Partially Vaccinated,66,1,0,1104665
9/24/21,2/6/21,Northwest Region,Unvaccinated,3383,82,29,7589371
9/24/21,6/26/21,Northern Region,Fully Vaccinated,51,0,0,4226322
9/24/21,6/12/21,Eastern Region,Unvaccinated,261,15,3,3662077
9/24/21,7/17/21,Eastern Region,Unvaccinated,702,38,7,3428473
9/24/21,8/28/21,Central Region,Fully Vaccinated,492,12,3,4852088
9/24/21,5/15/21,Northwest Region,Unvaccinated,634,21,4,4115664
9/24/21,3/20/21,Central Region,Fully Vaccinated,6,1,0,1216291
9/24/21,9/11/21,Southwest Region,Partially Vaccinated,416,11,0,645675
9/24/21,9/18/21,Central Region,Partially Vaccinated,233,5,0,641403
9/24/21,1/30/21,Northwest Region,Partially Vaccinated,169,8,5,637549
9/24/21,5/8/21,Eastern Region,Fully Vaccinated,38,4,2,3314687
9/24/21,5/15/21,Eastern Region,Fully Vaccinated,25,0,1,3565062
9/24/21,5/29/21,Eastern Region,Unvaccinated,477,18,8,3803879
9/24/21,4/3/21,Eastern Region,Unvaccinated,2004,75,16,5508296
9/24/21,8/28/21,Southwest Region,Unvaccinated,4028,125,41,3039229
9/24/21,7/10/21,Northwest Region,Partially Vaccinated,15,2,0,531387
9/24/21,7/31/21,Eastern Region,Unvaccinated,1883,97,18,3313414
9/24/21,8/7/21,Northwest Region,Fully Vaccinated,432,21,8,4695989
9/24/21,5/15/21,Northern Region,Unvaccinated,571,26,7,4115664
9/24/21,9/18/21,Southwest Region,Partially Vaccinated,316,7,0,641403
9/24/21,1/23/21,Southwest Region,Partially Vaccinated,341,19,22,445402
9/24/21,2/20/21,Southwest Region,Partially Vaccinated,105,7,1,646725
9/24/21,8/21/21,Northern Region,Fully Vaccinated,896,24,3,4792601
9/24/21,2/13/21,Central Region,Unvaccinated,3006,92,41,7470053
9/24/21,9/11/21,Southwest Region,Fully Vaccinated,607,12,2,4964222
9/24/21,4/17/21,Northwest Region,Partially Vaccinated,182,11,2,1293027
9/24/21,9/4/21,Northern Region,Fully Vaccinated,793,8,1,4911839
9/24/21,6/5/21,Southwest Region,Partially Vaccinated,12,1,0,730034
9/24/21,1/30/21,Northwest Region,Fully Vaccinated,0,0,0,141767
9/24/21,5/29/21,Eastern Region,Fully Vaccinated,31,2,0,3953355
9/24/21,4/10/21,Southwest Region,Fully Vaccinated,25,13,3,2046658
9/24/21,8/28/21,Eastern Region,Partially Vaccinated,357,19,6,644202
9/24/21,8/7/21,Central Region,Fully Vaccinated,447,13,7,4695989
9/24/21,4/24/21,Northwest Region,Fully Vaccinated,37,1,0,2707521
9/24/21,6/19/21,Southwest Region,Unvaccinated,169,21,3,3606579
9/24/21,4/17/21,Northern Region,Unvaccinated,1805,52,5,4859889
9/24/21,8/21/21,Central Region,Unvaccinated,3161,39,29,3104125
9/24/21,7/24/21,Northern Region,Fully Vaccinated,401,11,1,4619225
9/24/21,1/30/21,Eastern Region,Fully Vaccinated,0,0,0,141767
9/24/21,4/17/21,Eastern Region,Unvaccinated,1798,86,17,4859889
9/24/21,5/1/21,Northwest Region,Unvaccinated,1057,35,11,4388240
9/24/21,4/17/21,Northern Region,Fully Vaccinated,73,2,0,2382603
9/24/21,7/31/21,Northern Region,Unvaccinated,1038,30,4,3313414
9/24/21,3/20/21,Eastern Region,Unvaccinated,2355,109,27,6353726
9/24/21,7/24/21,Northern Region,Unvaccinated,728,19,3,3376677
9/24/21,2/13/21,Central Region,Fully Vaccinated,6,0,0,367440
9/24/21,8/28/21,Northwest Region,Unvaccinated,3636,70,19,3039229
9/24/21,4/17/21,Central Region,Fully Vaccinated,23,2,0,2382603
9/24/21,3/13/21,Central Region,Fully Vaccinated,11,0,0,1081329
9/24/21,4/3/21,Northwest Region,Fully Vaccinated,21,2,0,1737620
9/24/21,1/30/21,Northern Region,Unvaccinated,4752,112,35,7756203
9/24/21,4/3/21,Central Region,Unvaccinated,1622,50,21,5508296
9/24/21,9/11/21,Northwest Region,Partially Vaccinated,298,7,0,645675
9/24/21,8/21/21,Central Region,Partially Vaccinated,224,5,3,638793
9/24/21,9/18/21,Northwest Region,Partially Vaccinated,264,5,0,641403
9/24/21,5/29/21,Central Region,Partially Vaccinated,30,1,0,778285
9/24/21,6/26/21,Central Region,Fully Vaccinated,28,0,3,4226322
9/24/21,8/28/21,Northwest Region,Partially Vaccinated,260,7,2,644202
9/24/21,2/13/21,Northern Region,Unvaccinated,3361,68,19,7470053
10/8/21,4/10/21,Southwest Region,Partially Vaccinated,94,16,3,1337138
10/8/21,3/13/21,Southwest Region,Partially Vaccinated,107,11,2,806400
10/8/21,6/19/21,Southwest Region,Partially Vaccinated,8,1,0,576746
10/8/21,6/12/21,Central Region,Fully Vaccinated,18,0,0,4240713
10/8/21,4/3/21,Northwest Region,Unvaccinated,1399,45,15,5504527
10/8/21,5/15/21,Eastern Region,Partially Vaccinated,40,12,1,856005
10/8/21,4/17/21,Eastern Region,Fully Vaccinated,44,7,7,2385489
10/8/21,7/31/21,Northwest Region,Partially Vaccinated,54,5,0,566054
10/8/21,5/8/21,Southwest Region,Partially Vaccinated,45,8,2,971303
10/8/21,2/27/21,Northwest Region,Unvaccinated,1510,27,4,7187073
10/8/21,6/19/21,Northern Region,Partially Vaccinated,17,1,0,576746
10/8/21,3/6/21,Northern Region,Partially Vaccinated,88,10,3,694965
10/8/21,7/31/21,Central Region,Fully Vaccinated,389,6,9,4662929
10/8/21,9/11/21,Northern Region,Fully Vaccinated,902,20,1,4970796
10/8/21,4/10/21,Northwest Region,Partially Vaccinated,150,10,5,1337138
10/8/21,1/30/21,Eastern Region,Unvaccinated,5753,209,83,7754989
10/8/21,5/1/21,Northwest Region,Fully Vaccinated,39,1,0,3046148
10/8/21,1/30/21,Southwest Region,Partially Vaccinated,245,20,19,638547
10/8/21,6/5/21,Central Region,Unvaccinated,197,8,3,3722520
10/8/21,7/10/21,Northern Region,Partially Vaccinated,22,3,0,532487
10/8/21,5/22/21,Northern Region,Partially Vaccinated,59,3,0,809258
10/8/21,2/27/21,Northern Region,Partially Vaccinated,92,3,2,600567
10/8/21,4/24/21,Central Region,Unvaccinated,1150,40,13,4598274
10/8/21,3/6/21,Northwest Region,Fully Vaccinated,10,3,0,915842
10/8/21,6/19/21,Southwest Region,Fully Vaccinated,19,2,0,4358488
10/8/21,5/1/21,Eastern Region,Unvaccinated,1338,52,13,4383450
10/8/21,1/23/21,Northwest Region,Partially Vaccinated,157,3,5,446279
10/8/21,3/20/21,Northwest Region,Partially Vaccinated,67,5,1,966985
10/8/21,3/13/21,Eastern Region,Unvaccinated,2220,81,52,6646396
10/8/21,9/25/21,Central Region,Unvaccinated,3081,45,9,2821114
10/8/21,9/4/21,Northern Region,Unvaccinated,1998,43,4,2970151
10/8/21,4/24/21,Southwest Region,Partially Vaccinated,103,16,5,1226478
10/8/21,5/15/21,Southwest Region,Partially Vaccinated,40,6,0,856005
10/8/21,5/1/21,Northern Region,Unvaccinated,1048,28,6,4383450
10/8/21,1/23/21,Eastern Region,Unvaccinated,6778,268,114,8005963
10/8/21,8/21/21,Northwest Region,Fully Vaccinated,594,21,13,4798623
10/8/21,8/28/21,Southwest Region,Partially Vaccinated,260,1,1,645620
10/8/21,7/10/21,Southwest Region,Fully Vaccinated,68,12,2,4538072
10/8/21,5/1/21,Northwest Region,Partially Vaccinated,77,6,0,1105921
10/8/21,5/15/21,Eastern Region,Unvaccinated,626,36,11,4110357
10/8/21,7/31/21,Northwest Region,Fully Vaccinated,284,15,0,4662929
10/8/21,2/6/21,Eastern Region,Partially Vaccinated,283,24,10,717155
10/8/21,5/1/21,Eastern Region,Fully Vaccinated,32,3,2,3046148
10/8/21,8/7/21,Northern Region,Partially Vaccinated,144,1,0,601024
10/8/21,6/19/21,Northern Region,Unvaccinated,162,8,0,3600285
10/8/21,5/22/21,Southwest Region,Fully Vaccinated,51,7,4,3807075
10/8/21,2/6/21,Northern Region,Partially Vaccinated,126,11,3,717155
10/8/21,3/13/21,Northwest Region,Fully Vaccinated,8,0,0,1082723
10/8/21,3/20/21,Northern Region,Fully Vaccinated,27,2,0,1217887
10/8/21,3/27/21,Eastern Region,Partially Vaccinated,206,16,3,1183549
10/8/21,9/25/21,Southwest Region,Fully Vaccinated,727,24,4,5080832
10/8/21,3/27/21,Southwest Region,Partially Vaccinated,103,15,3,1183549
10/8/21,9/4/21,Southwest Region,Fully Vaccinated,746,31,17,4918182
10/8/21,9/11/21,Eastern Region,Fully Vaccinated,676,27,9,4970796
10/8/21,8/21/21,Northern Region,Unvaccinated,1787,41,13,3096790
10/8/21,8/28/21,Southwest Region,Fully Vaccinated,712,28,8,4858267
10/8/21,6/5/21,Eastern Region,Partially Vaccinated,13,0,0,731459
10/8/21,9/11/21,Northwest Region,Fully Vaccinated,621,16,5,4970796
10/8/21,7/31/21,Northern Region,Fully Vaccinated,628,7,2,4662929
10/8/21,2/6/21,Central Region,Unvaccinated,3667,111,63,7587857
10/8/21,6/5/21,Northwest Region,Partially Vaccinated,12,1,0,731459
10/8/21,9/18/21,Eastern Region,Partially Vaccinated,324,13,0,643002
10/8/21,9/4/21,Eastern Region,Fully Vaccinated,700,27,6,4918182
10/8/21,2/13/21,Eastern Region,Fully Vaccinated,7,0,0,368013
10/8/21,4/3/21,Northern Region,Partially Vaccinated,298,7,3,1291234
10/8/21,7/17/21,Northwest Region,Fully Vaccinated,84,7,0,4584665
10/8/21,7/17/21,Northwest Region,Unvaccinated,392,20,3,3421864
10/8/21,1/30/21,Southwest Region,Fully Vaccinated,2,0,0,141983
10/8/21,7/3/21,Southwest Region,Partially Vaccinated,16,3,0,541041
10/8/21,7/24/21,Northwest Region,Fully Vaccinated,173,2,2,4624811
10/8/21,2/13/21,Northwest Region,Unvaccinated,2492,72,21,7468301
10/8/21,9/4/21,Northwest Region,Fully Vaccinated,626,21,7,4918182
10/8/21,5/15/21,Northern Region,Partially Vaccinated,68,2,0,856005
10/8/21,9/11/21,Central Region,Partially Vaccinated,238,2,2,647277
10/8/21,4/10/21,Central Region,Fully Vaccinated,29,5,2,2049141
10/8/21,7/10/21,Northwest Region,Unvaccinated,269,14,3,3464960
10/8/21,7/17/21,Central Region,Fully Vaccinated,108,3,3,4584665
10/8/21,2/20/21,Central Region,Unvaccinated,2345,76,35,7360611
10/8/21,8/14/21,Central Region,Unvaccinated,2292,65,26,3162349
10/8/21,5/15/21,Northern Region,Fully Vaccinated,43,2,1,3569157
10/8/21,7/24/21,Central Region,Fully Vaccinated,191,9,4,4624811
10/8/21,7/17/21,Eastern Region,Partially Vaccinated,39,4,1,528990
10/8/21,3/20/21,Central Region,Unvaccinated,1561,49,30,6350647
10/8/21,3/20/21,Southwest Region,Fully Vaccinated,15,3,2,1217887
10/8/21,9/4/21,Southwest Region,Unvaccinated,5000,129,54,2970151
10/8/21,8/14/21,Southwest Region,Fully Vaccinated,524,18,7,4746553
10/8/21,8/21/21,Northwest Region,Unvaccinated,2470,79,27,3096790
10/8/21,2/13/21,Southwest Region,Partially Vaccinated,137,8,8,699205
10/8/21,4/10/21,Southwest Region,Unvaccinated,1275,85,32,5149240
10/8/21,8/7/21,Northern Region,Unvaccinated,1381,43,6,3232681
10/8/21,4/24/21,Southwest Region,Fully Vaccinated,46,14,4,2710767
10/8/21,3/6/21,Southwest Region,Fully Vaccinated,11,3,0,915842
10/8/21,3/20/21,Southwest Region,Partially Vaccinated,122,8,3,966985
10/8/21,4/10/21,Eastern Region,Unvaccinated,1959,66,24,5149240
10/8/21,7/3/21,Northwest Region,Partially Vaccinated,9,5,2,541041
10/8/21,5/22/21,Eastern Region,Partially Vaccinated,30,3,0,809258
10/8/21,5/22/21,Northern Region,Fully Vaccinated,42,2,0,3807075
10/8/21,5/22/21,Southwest Region,Partially Vaccinated,28,5,0,809258
10/8/21,7/24/21,Eastern Region,Partially Vaccinated,66,0,0,540742
10/8/21,9/11/21,Southwest Region,Unvaccinated,5219,108,45,2917446
10/8/21,3/6/21,Central Region,Partially Vaccinated,91,9,2,694965
10/8/21,7/31/21,Southwest Region,Fully Vaccinated,336,33,3,4662929
10/8/21,8/14/21,Northwest Region,Unvaccinated,1708,69,19,3162349
10/8/21,8/14/21,Central Region,Fully Vaccinated,516,9,11,4746553
10/8/21,2/6/21,Eastern Region,Unvaccinated,5056,211,76,7587857
10/8/21,4/10/21,Northwest Region,Fully Vaccinated,27,2,0,2049141
10/8/21,4/3/21,Central Region,Partially Vaccinated,189,15,6,1291234
10/8/21,7/10/21,Central Region,Fully Vaccinated,69,5,1,4538072
10/8/21,5/29/21,Southwest Region,Fully Vaccinated,18,2,0,3957822
10/8/21,10/2/21,Eastern Region,Unvaccinated,2876,120,4,2785577
10/8/21,6/19/21,Northwest Region,Partially Vaccinated,7,2,0,576746
10/8/21,8/14/21,Northern Region,Fully Vaccinated,777,12,3,4746553
10/8/21,6/19/21,Central Region,Fully Vaccinated,20,0,0,4358488
10/8/21,4/3/21,Northwest Region,Partially Vaccinated,117,8,1,1291234
10/8/21,9/11/21,Northwest Region,Unvaccinated,4353,100,33,2917446
10/8/21,8/7/21,Northwest Region,Unvaccinated,1463,44,11,3232681
10/8/21,8/28/21,Northern Region,Unvaccinated,1954,48,6,3031632
10/8/21,6/26/21,Northern Region,Unvaccinated,189,3,1,3774207
10/8/21,5/15/21,Central Region,Partially Vaccinated,41,7,0,856005
10/8/21,8/28/21,Central Region,Partially Vaccinated,250,4,1,645620
10/8/21,5/8/21,Southwest Region,Fully Vaccinated,38,6,3,3318397
10/8/21,7/10/21,Northern Region,Unvaccinated,299,16,2,3464960
10/8/21,8/28/21,Eastern Region,Unvaccinated,4776,256,47,3031632
10/8/21,7/17/21,Southwest Region,Partially Vaccinated,19,2,2,528990
10/8/21,3/27/21,Northwest Region,Unvaccinated,1443,28,13,5890719
10/8/21,4/3/21,Northern Region,Fully Vaccinated,46,0,0,1739758
10/8/21,3/13/21,Northwest Region,Unvaccinated,1425,28,23,6646396
10/8/21,10/2/21,Central Region,Partially Vaccinated,153,1,0,629834
10/8/21,2/6/21,Southwest Region,Unvaccinated,2661,111,48,7587857
10/8/21,5/22/21,Northern Region,Unvaccinated,416,9,4,3919186
10/8/21,2/27/21,Southwest Region,Unvaccinated,1426,66,16,7187073
10/8/21,6/26/21,Eastern Region,Unvaccinated,266,22,8,3774207
10/8/21,1/30/21,Northern Region,Fully Vaccinated,3,0,0,141983
10/8/21,3/6/21,Southwest Region,Unvaccinated,1411,58,55,6924712
10/8/21,6/5/21,Central Region,Partially Vaccinated,10,0,0,731459
10/8/21,2/27/21,Eastern Region,Unvaccinated,2590,95,27,7187073
10/8/21,5/29/21,Southwest Region,Partially Vaccinated,35,4,0,779658
10/8/21,9/18/21,Northwest Region,Fully Vaccinated,669,26,5,5028173
10/8/21,10/2/21,Southwest Region,Unvaccinated,3679,53,15,2785577
10/8/21,4/24/21,Northwest Region,Partially Vaccinated,119,7,3,1226478
10/8/21,3/6/21,Eastern Region,Unvaccinated,2263,100,61,6924712
10/8/21,7/24/21,Eastern Region,Unvaccinated,1213,70,8,3369966
10/8/21,7/3/21,Northern Region,Fully Vaccinated,61,0,0,4490259
10/8/21,4/10/21,Central Region,Partially Vaccinated,181,15,4,1337138
10/8/21,5/15/21,Central Region,Fully Vaccinated,31,1,0,3569157
10/8/21,3/27/21,Northern Region,Unvaccinated,2602,58,9,5890719
10/8/21,10/2/21,Eastern Region,Fully Vaccinated,320,13,0,5120108
10/8/21,5/29/21,Southwest Region,Unvaccinated,391,22,8,3798039
10/8/21,9/18/21,Northwest Region,Unvaccinated,4077,93,24,2864344
10/8/21,5/22/21,Northwest Region,Partially Vaccinated,25,2,0,809258
10/8/21,3/27/21,Northwest Region,Fully Vaccinated,25,0,0,1461251
10/8/21,6/5/21,Central Region,Fully Vaccinated,16,4,0,4081540
10/8/21,10/2/21,Central Region,Unvaccinated,2324,32,5,2785577
10/8/21,8/14/21,Northern Region,Unvaccinated,1540,57,12,3162349
10/8/21,7/10/21,Central Region,Partially Vaccinated,24,0,0,532487
10/8/21,3/13/21,Southwest Region,Fully Vaccinated,7,1,0,1082723
10/8/21,1/23/21,Eastern Region,Partially Vaccinated,220,10,12,446279
10/8/21,1/23/21,Southwest Region,Fully Vaccinated,1,0,0,83277
10/8/21,7/17/21,Central Region,Unvaccinated,589,14,7,3421864
10/8/21,9/25/21,Northwest Region,Fully Vaccinated,634,18,1,5080832
10/8/21,8/14/21,Eastern Region,Partially Vaccinated,282,15,6,626617
10/8/21,9/18/21,Northern Region,Unvaccinated,2301,47,1,2864344
10/8/21,9/4/21,Northern Region,Partially Vaccinated,201,4,1,647186
10/8/21,10/2/21,Northwest Region,Fully Vaccinated,369,16,1,5120108
10/8/21,2/27/21,Southwest Region,Partially Vaccinated,61,5,5,600567
10/8/21,6/12/21,Northern Region,Partially Vaccinated,18,0,0,638902
10/8/21,8/21/21,Eastern Region,Fully Vaccinated,818,35,18,4798623
10/8/21,7/24/21,Eastern Region,Fully Vaccinated,262,13,3,4624811
10/8/21,2/20/21,Southwest Region,Fully Vaccinated,9,3,0,526984
10/8/21,9/11/21,Central Region,Unvaccinated,3529,43,22,2917446
10/8/21,9/4/21,Eastern Region,Partially Vaccinated,368,16,4,647186
10/8/21,5/1/21,Central Region,Unvaccinated,1003,34,7,4383450
10/8/21,9/4/21,Central Region,Fully Vaccinated,415,9,7,4918182
10/8/21,9/11/21,Northern Region,Partially Vaccinated,222,6,1,647277
10/8/21,2/6/21,Eastern Region,Fully Vaccinated,0,0,0,230507
10/8/21,7/3/21,Southwest Region,Unvaccinated,286,28,6,3504219
10/8/21,7/31/21,Southwest Region,Partially Vaccinated,49,6,0,566054
10/8/21,8/21/21,Northern Region,Partially Vaccinated,212,9,2,640106
10/8/21,6/26/21,Southwest Region,Unvaccinated,232,22,6,3774207
10/8/21,3/13/21,Central Region,Unvaccinated,1631,42,35,6646396
10/8/21,3/27/21,Northern Region,Partially Vaccinated,243,10,3,1183549
10/8/21,1/23/21,Northwest Region,Fully Vaccinated,0,0,0,83277
10/8/21,2/27/21,Central Region,Partially Vaccinated,74,15,3,600567
10/8/21,5/8/21,Northwest Region,Partially Vaccinated,86,5,1,971303
10/8/21,5/15/21,Northwest Region,Fully Vaccinated,39,2,0,3569157
10/8/21,7/3/21,Central Region,Partially Vaccinated,12,2,0,541041
10/8/21,10/2/21,Eastern Region,Partially Vaccinated,220,12,0,629834
10/8/21,4/17/21,Southwest Region,Fully Vaccinated,62,6,2,2385489
10/8/21,2/13/21,Northern Region,Partially Vaccinated,110,11,3,699205
10/8/21,1/23/21,Northern Region,Partially Vaccinated,152,11,8,446279
10/8/21,6/5/21,Northwest Region,Fully Vaccinated,27,0,0,4081540
10/8/21,4/10/21,Northwest Region,Unvaccinated,1485,60,14,5149240
10/8/21,6/26/21,Northwest Region,Fully Vaccinated,32,1,0,4231522
10/8/21,5/22/21,Central Region,Unvaccinated,391,14,6,3919186
10/8/21,8/7/21,Northwest Region,Partially Vaccinated,114,6,0,601024
10/8/21,2/27/21,Eastern Region,Partially Vaccinated,93,13,9,600567
10/8/21,3/6/21,Eastern Region,Fully Vaccinated,9,0,0,915842
10/8/21,3/20/21,Northern Region,Unvaccinated,2466,54,22,6350647
10/8/21,4/24/21,Northern Region,Fully Vaccinated,57,5,4,2710767
10/8/21,7/17/21,Southwest Region,Fully Vaccinated,112,21,6,4584665
10/8/21,5/29/21,Northern Region,Fully Vaccinated,26,3,2,3957822
10/8/21,6/5/21,Eastern Region,Fully Vaccinated,20,4,2,4081540
10/8/21,7/31/21,Central Region,Unvaccinated,1470,34,24,3306536
10/8/21,5/8/21,Northwest Region,Unvaccinated,808,26,11,4245819
10/8/21,7/3/21,Northern Region,Partially Vaccinated,24,0,0,541041
10/8/21,6/12/21,Northwest Region,Unvaccinated,197,9,3,3655904
10/8/21,5/15/21,Central Region,Unvaccinated,523,16,7,4110357
10/8/21,9/4/21,Central Region,Unvaccinated,3706,52,31,2970151
10/8/21,1/30/21,Central Region,Unvaccinated,4473,96,53,7754989
10/8/21,7/17/21,Northern Region,Partially Vaccinated,56,4,1,528990
10/8/21,3/13/21,Northern Region,Unvaccinated,2399,57,19,6646396
10/8/21,7/3/21,Southwest Region,Fully Vaccinated,41,0,0,4490259
10/8/21,3/13/21,Eastern Region,Fully Vaccinated,15,0,0,1082723
10/8/21,1/23/21,Northwest Region,Unvaccinated,4066,114,43,8005963
10/8/21,2/27/21,Northwest Region,Fully Vaccinated,5,3,1,747879
10/8/21,2/20/21,Northwest Region,Partially Vaccinated,84,6,1,647924
10/8/21,1/23/21,Central Region,Unvaccinated,5435,99,89,8005963
10/8/21,3/27/21,Southwest Region,Fully Vaccinated,29,3,2,1461251
10/8/21,2/13/21,Eastern Region,Unvaccinated,4043,153,51,7468301
10/8/21,6/26/21,Southwest Region,Partially Vaccinated,7,3,0,529790
10/8/21,2/20/21,Eastern Region,Fully Vaccinated,10,0,0,526984
10/8/21,5/1/21,Southwest Region,Unvaccinated,1027,75,21,4383450
10/8/21,4/24/21,Northern Region,Partially Vaccinated,266,19,0,1226478
10/8/21,2/6/21,Central Region,Fully Vaccinated,4,0,0,230507
10/8/21,8/28/21,Central Region,Unvaccinated,3663,48,37,3031632
10/8/21,6/26/21,Eastern Region,Fully Vaccinated,25,3,1,4231522
10/8/21,5/29/21,Northwest Region,Partially Vaccinated,23,3,0,779658
10/8/21,2/20/21,Eastern Region,Unvaccinated,3325,149,42,7360611
10/8/21,8/21/21,Southwest Region,Partially Vaccinated,188,8,1,640106
10/8/21,4/17/21,Central Region,Partially Vaccinated,180,6,9,1294350
10/8/21,7/31/21,Central Region,Partially Vaccinated,115,2,4,566054
10/8/21,2/27/21,Northern Region,Unvaccinated,2616,39,3,7187073
10/8/21,7/17/21,Central Region,Partially Vaccinated,27,0,0,528990
10/8/21,6/19/21,Central Region,Partially Vaccinated,16,2,0,576746
10/8/21,2/13/21,Southwest Region,Unvaccinated,2132,85,37,7468301
10/8/21,4/17/21,Northern Region,Partially Vaccinated,338,9,3,1294350
10/8/21,7/17/21,Northern Region,Unvaccinated,440,14,1,3421864
10/8/21,8/14/21,Northwest Region,Fully Vaccinated,500,22,4,4746553
10/8/21,5/1/21,Southwest Region,Fully Vaccinated,57,10,3,3046148
10/8/21,2/20/21,Northern Region,Unvaccinated,2669,42,10,7360611
10/8/21,4/24/21,Eastern Region,Partially Vaccinated,141,12,3,1226478
10/8/21,8/7/21,Southwest Region,Unvaccinated,1786,88,33,3232681
10/8/21,5/8/21,Central Region,Unvaccinated,716,29,12,4245819
10/8/21,2/13/21,Southwest Region,Fully Vaccinated,5,0,1,368013
10/8/21,10/2/21,Northern Region,Partially Vaccinated,135,7,0,629834
10/8/21,7/10/21,Eastern Region,Fully Vaccinated,75,1,2,4538072
10/8/21,5/29/21,Northern Region,Partially Vaccinated,39,5,2,779658
10/8/21,6/5/21,Northern Region,Unvaccinated,253,10,4,3722520
10/8/21,7/3/21,Central Region,Fully Vaccinated,48,2,0,4490259
10/8/21,7/10/21,Central Region,Unvaccinated,350,10,1,3464960
10/8/21,5/29/21,Eastern Region,Partially Vaccinated,25,2,0,779658
10/8/21,5/8/21,Northern Region,Fully Vaccinated,54,4,3,3318397
10/8/21,5/8/21,Eastern Region,Unvaccinated,941,43,7,4245819
10/8/21,8/7/21,Eastern Region,Unvaccinated,2787,164,21,3232681
10/8/21,8/28/21,Eastern Region,Fully Vaccinated,765,25,8,4858267
10/8/21,3/20/21,Central Region,Partially Vaccinated,139,13,7,966985
10/8/21,6/19/21,Eastern Region,Partially Vaccinated,10,1,1,576746
10/8/21,4/17/21,Southwest Region,Partially Vaccinated,158,12,1,1294350
10/8/21,5/29/21,Central Region,Fully Vaccinated,22,2,2,3957822
10/8/21,8/14/21,Central Region,Partially Vaccinated,176,8,0,626617
10/8/21,4/3/21,Central Region,Fully Vaccinated,18,1,1,1739758
10/8/21,7/31/21,Eastern Region,Fully Vaccinated,422,18,10,4662929
10/8/21,2/6/21,Northwest Region,Partially Vaccinated,212,10,6,717155
10/8/21,9/11/21,Eastern Region,Unvaccinated,4450,271,33,2917446
10/8/21,4/10/21,Eastern Region,Partially Vaccinated,241,19,7,1337138
10/8/21,4/17/21,Central Region,Unvaccinated,1508,51,18,4855680
10/8/21,8/28/21,Northern Region,Fully Vaccinated,790,14,5,4858267
10/8/21,3/20/21,Eastern Region,Fully Vaccinated,19,2,0,1217887
10/8/21,7/3/21,Eastern Region,Unvaccinated,294,15,1,3504219
10/8/21,6/26/21,Eastern Region,Partially Vaccinated,6,0,0,529790
10/8/21,1/23/21,Southwest Region,Unvaccinated,4283,146,53,8005963
10/8/21,4/10/21,Northern Region,Partially Vaccinated,386,23,1,1337138
10/8/21,4/24/21,Southwest Region,Unvaccinated,1050,70,27,4598274
10/8/21,1/30/21,Eastern Region,Partially Vaccinated,229,22,13,638547
10/8/21,3/20/21,Northwest Region,Unvaccinated,1272,17,6,6350647
10/8/21,5/8/21,Northern Region,Unvaccinated,812,20,7,4245819
10/8/21,7/31/21,Eastern Region,Partially Vaccinated,113,3,0,566054
10/8/21,4/24/21,Eastern Region,Unvaccinated,1476,60,16,4598274
10/8/21,7/24/21,Northwest Region,Partially Vaccinated,35,0,0,540742
10/8/21,2/20/21,Northwest Region,Fully Vaccinated,8,0,0,526984
10/8/21,4/3/21,Southwest Region,Partially Vaccinated,96,15,3,1291234
10/8/21,8/14/21,Eastern Region,Fully Vaccinated,752,34,10,4746553
10/8/21,8/7/21,Central Region,Partially Vaccinated,121,4,0,601024
10/8/21,6/12/21,Northern Region,Unvaccinated,220,11,2,3655904
10/8/21,3/20/21,Eastern Region,Partially Vaccinated,131,17,5,966985
10/8/21,6/12/21,Eastern Region,Partially Vaccinated,11,0,1,638902
10/8/21,7/24/21,Southwest Region,Unvaccinated,781,64,12,3369966
10/8/21,5/8/21,Central Region,Partially Vaccinated,62,4,2,971303
10/8/21,5/29/21,Northern Region,Unvaccinated,257,14,1,3798039
10/8/21,6/26/21,Northern Region,Partially Vaccinated,27,1,0,529790
10/8/21,8/14/21,Eastern Region,Unvaccinated,3670,218,53,3162349
10/8/21,7/17/21,Northern Region,Fully Vaccinated,279,4,0,4584665
10/8/21,4/10/21,Northern Region,Fully Vaccinated,47,1,0,2049141
10/8/21,10/2/21,Southwest Region,Fully Vaccinated,434,11,0,5120108
10/8/21,6/26/21,Central Region,Partially Vaccinated,20,0,0,529790
10/8/21,2/20/21,Southwest Region,Unvaccinated,1704,71,13,7360611
10/8/21,2/13/21,Eastern Region,Partially Vaccinated,241,16,8,699205
10/8/21,6/5/21,Northern Region,Partially Vaccinated,30,0,0,731459
10/8/21,9/18/21,Central Region,Unvaccinated,3572,43,6,2864344
10/8/21,2/20/21,Central Region,Partially Vaccinated,91,11,9,647924
10/8/21,1/23/21,Northern Region,Unvaccinated,5983,165,65,8005963
10/8/21,3/6/21,Eastern Region,Partially Vaccinated,90,18,4,694965
10/8/21,7/31/21,Northern Region,Partially Vaccinated,105,2,1,566054
10/8/21,3/27/21,Eastern Region,Unvaccinated,2395,81,17,5890719
10/8/21,9/18/21,Central Region,Fully Vaccinated,427,12,4,5028173
10/8/21,7/17/21,Southwest Region,Unvaccinated,446,34,7,3421864
10/8/21,2/20/21,Northwest Region,Unvaccinated,2280,51,17,7360611
10/8/21,2/20/21,Eastern Region,Partially Vaccinated,189,17,5,647924
10/8/21,10/2/21,Northwest Region,Partially Vaccinated,224,9,0,629834
10/8/21,6/12/21,Southwest Region,Unvaccinated,180,19,2,3655904
10/8/21,7/24/21,Southwest Region,Partially Vaccinated,33,3,0,540742
10/8/21,9/11/21,Central Region,Fully Vaccinated,387,20,6,4970796
10/8/21,6/12/21,Northern Region,Fully Vaccinated,35,0,0,4240713
10/8/21,2/27/21,Central Region,Unvaccinated,1953,54,18,7187073
10/8/21,9/18/21,Eastern Region,Unvaccinated,4381,201,19,2864344
10/8/21,7/10/21,Eastern Region,Unvaccinated,494,27,6,3464960
10/8/21,8/7/21,Central Region,Unvaccinated,1759,30,22,3232681
10/8/21,7/24/21,Northern Region,Partially Vaccinated,76,4,0,540742
10/8/21,9/25/21,Northwest Region,Unvaccinated,3353,52,4,2821114
10/8/21,2/20/21,Northern Region,Partially Vaccinated,90,12,6,647924
10/8/21,4/24/21,Northern Region,Unvaccinated,1438,37,5,4598274
10/8/21,7/3/21,Northern Region,Unvaccinated,156,4,0,3504219
10/8/21,3/20/21,Northwest Region,Fully Vaccinated,16,1,0,1217887
10/8/21,7/31/21,Northwest Region,Unvaccinated,930,26,9,3306536
10/8/21,8/21/21,Eastern Region,Partially Vaccinated,354,14,6,640106
10/8/21,6/12/21,Southwest Region,Fully Vaccinated,26,3,0,4240713
10/8/21,8/21/21,Eastern Region,Unvaccinated,4231,235,48,3096790
10/8/21,9/4/21,Northwest Region,Unvaccinated,4086,106,35,2970151
10/8/21,9/4/21,Northwest Region,Partially Vaccinated,262,6,4,647186
10/8/21,3/27/21,Southwest Region,Unvaccinated,1297,71,12,5890719
10/8/21,4/17/21,Eastern Region,Partially Vaccinated,201,13,6,1294350
10/8/21,1/23/21,Central Region,Partially Vaccinated,225,11,15,446279
10/8/21,5/22/21,Northwest Region,Fully Vaccinated,39,4,0,3807075
10/8/21,6/12/21,Central Region,Partially Vaccinated,19,2,0,638902
10/8/21,4/10/21,Eastern Region,Fully Vaccinated,45,10,1,2049141
10/8/21,5/29/21,Northwest Region,Fully Vaccinated,22,5,0,3957822
10/8/21,5/8/21,Northwest Region,Fully Vaccinated,42,6,1,3318397
10/8/21,1/30/21,Central Region,Fully Vaccinated,2,0,0,141983
10/8/21,7/10/21,Eastern Region,Partially Vaccinated,17,0,0,532487
10/8/21,2/27/21,Central Region,Fully Vaccinated,9,1,1,747879
10/8/21,2/6/21,Northwest Region,Fully Vaccinated,1,0,0,230507
10/8/21,4/3/21,Eastern Region,Fully Vaccinated,20,2,0,1739758
10/8/21,1/30/21,Northwest Region,Unvaccinated,3533,90,46,7754989
10/8/21,3/20/21,Southwest Region,Unvaccinated,1208,64,28,6350647
10/8/21,3/20/21,Northern Region,Partially Vaccinated,154,10,1,966985
10/8/21,9/4/21,Eastern Region,Unvaccinated,4495,273,49,2970151
10/8/21,7/24/21,Northwest Region,Unvaccinated,584,9,2,3369966
10/8/21,2/6/21,Northern Region,Unvaccinated,3933,75,25,7587857
10/8/21,3/6/21,Northern Region,Unvaccinated,2304,55,23,6924712
10/8/21,9/4/21,Central Region,Partially Vaccinated,263,5,4,647186
10/8/21,5/22/21,Northwest Region,Unvaccinated,468,29,7,3919186
10/8/21,5/1/21,Northern Region,Partially Vaccinated,222,9,1,1105921
10/8/21,6/26/21,Central Region,Unvaccinated,194,11,4,3774207
10/8/21,9/18/21,Northern Region,Fully Vaccinated,755,11,2,5028173
10/8/21,5/22/21,Central Region,Fully Vaccinated,11,2,3,3807075
10/8/21,9/4/21,Southwest Region,Partially Vaccinated,403,8,2,647186
10/8/21,8/7/21,Eastern Region,Fully Vaccinated,557,21,7,4701814
10/8/21,1/30/21,Southwest Region,Unvaccinated,3331,132,61,7754989
10/8/21,4/17/21,Northwest Region,Fully Vaccinated,30,3,1,2385489
10/8/21,8/21/21,Central Region,Fully Vaccinated,661,22,6,4798623
10/8/21,3/13/21,Northern Region,Fully Vaccinated,14,1,0,1082723
10/8/21,8/21/21,Southwest Region,Fully Vaccinated,680,45,12,4798623
10/8/21,5/15/21,Southwest Region,Unvaccinated,677,55,12,4110357
10/8/21,6/26/21,Southwest Region,Fully Vaccinated,26,3,1,4231522
10/8/21,4/24/21,Central Region,Partially Vaccinated,103,6,1,1226478
10/8/21,4/17/21,Southwest Region,Unvaccinated,1287,97,17,4855680
10/8/21,9/18/21,Southwest Region,Unvaccinated,4926,105,35,2864344
10/8/21,4/24/21,Northwest Region,Unvaccinated,1160,35,10,4598274
10/8/21,7/17/21,Northwest Region,Partially Vaccinated,26,2,0,528990
10/8/21,9/25/21,Central Region,Fully Vaccinated,342,2,0,5080832
10/8/21,3/6/21,Northwest Region,Unvaccinated,1200,26,21,6924712
10/8/21,5/29/21,Northwest Region,Unvaccinated,313,20,5,3798039
10/8/21,2/6/21,Northern Region,Fully Vaccinated,0,0,0,230507
10/8/21,5/1/21,Central Region,Fully Vaccinated,27,4,1,3046148
10/8/21,8/7/21,Northern Region,Fully Vaccinated,699,14,5,4701814
10/8/21,3/13/21,Southwest Region,Unvaccinated,1302,52,55,6646396
10/8/21,3/6/21,Northwest Region,Partially Vaccinated,49,2,2,694965
10/8/21,7/31/21,Southwest Region,Unvaccinated,1256,58,23,3306536
10/8/21,3/6/21,Central Region,Unvaccinated,1841,65,42,6924712
10/8/21,9/11/21,Eastern Region,Partially Vaccinated,367,23,3,647277
10/8/21,5/29/21,Central Region,Unvaccinated,296,12,4,3798039
10/8/21,9/18/21,Northern Region,Partially Vaccinated,202,5,2,643002
10/8/21,9/25/21,Eastern Region,Fully Vaccinated,570,12,1,5080832
10/8/21,8/14/21,Southwest Region,Partially Vaccinated,141,2,3,626617
10/8/21,6/12/21,Northwest Region,Partially Vaccinated,11,0,0,638902
10/8/21,5/22/21,Eastern Region,Fully Vaccinated,26,2,0,3807075
10/8/21,5/1/21,Northern Region,Fully Vaccinated,86,3,0,3046148
10/8/21,7/10/21,Northern Region,Fully Vaccinated,135,9,0,4538072
10/8/21,6/19/21,Eastern Region,Fully Vaccinated,30,3,0,4358488
10/8/21,2/27/21,Southwest Region,Fully Vaccinated,8,0,0,747879
10/8/21,7/24/21,Southwest Region,Fully Vaccinated,168,9,0,4624811
10/8/21,5/8/21,Central Region,Fully Vaccinated,21,1,0,3318397
10/8/21,10/2/21,Northern Region,Unvaccinated,1588,16,1,2785577
10/8/21,6/12/21,Northwest Region,Fully Vaccinated,21,3,0,4240713
10/8/21,4/10/21,Central Region,Unvaccinated,1583,52,29,5149240
10/8/21,5/1/21,Eastern Region,Partially Vaccinated,96,7,1,1105921
10/8/21,4/24/21,Eastern Region,Fully Vaccinated,32,3,0,2710767
10/8/21,5/15/21,Southwest Region,Fully Vaccinated,44,5,1,3569157
10/8/21,9/25/21,Eastern Region,Unvaccinated,3707,147,12,2821114
10/8/21,8/7/21,Southwest Region,Partially Vaccinated,91,4,0,601024
10/8/21,5/22/21,Central Region,Partially Vaccinated,27,4,1,809258
10/8/21,6/26/21,Northwest Region,Unvaccinated,170,11,5,3774207
10/8/21,9/25/21,Southwest Region,Unvaccinated,4207,103,31,2821114
10/8/21,2/13/21,Northwest Region,Partially Vaccinated,114,12,4,699205
10/8/21,6/5/21,Southwest Region,Fully Vaccinated,31,12,1,4081540
10/8/21,7/3/21,Eastern Region,Partially Vaccinated,13,2,0,541041
10/8/21,7/3/21,Northwest Region,Unvaccinated,208,15,1,3504219
10/8/21,8/14/21,Southwest Region,Unvaccinated,2215,88,30,3162349
10/8/21,6/19/21,Northern Region,Fully Vaccinated,49,1,0,4358488
10/8/21,3/13/21,Central Region,Partially Vaccinated,118,11,4,806400
10/8/21,1/23/21,Central Region,Fully Vaccinated,1,0,0,83277
10/8/21,3/13/21,Northwest Region,Partially Vaccinated,56,5,0,806400
10/8/21,9/11/21,Northern Region,Unvaccinated,2181,46,8,2917446
10/8/21,5/22/21,Southwest Region,Unvaccinated,527,38,10,3919186
10/8/21,3/27/21,Eastern Region,Fully Vaccinated,28,4,0,1461251
10/8/21,5/8/21,Northern Region,Partially Vaccinated,133,7,2,971303
10/8/21,7/10/21,Southwest Region,Unvaccinated,306,22,6,3464960
10/8/21,4/3/21,Eastern Region,Partially Vaccinated,210,14,10,1291234
10/8/21,6/5/21,Northern Region,Fully Vaccinated,53,7,0,4081540
10/8/21,1/23/21,Eastern Region,Fully Vaccinated,0,0,0,83277
10/8/21,9/25/21,Eastern Region,Partially Vaccinated,299,11,2,633573
10/8/21,1/30/21,Central Region,Partially Vaccinated,226,6,14,638547
10/8/21,3/13/21,Eastern Region,Partially Vaccinated,116,21,11,806400
10/8/21,8/21/21,Southwest Region,Unvaccinated,3042,111,37,3096790
10/8/21,3/27/21,Central Region,Unvaccinated,1775,48,10,5890719
10/8/21,7/24/21,Central Region,Unvaccinated,933,28,9,3369966
10/8/21,6/5/21,Southwest Region,Unvaccinated,263,31,4,3722520
10/8/21,6/5/21,Eastern Region,Unvaccinated,324,23,2,3722520
10/8/21,5/8/21,Eastern Region,Partially Vaccinated,53,4,0,971303
10/8/21,5/1/21,Southwest Region,Partially Vaccinated,65,10,0,1105921
10/8/21,6/12/21,Southwest Region,Partially Vaccinated,11,1,0,638902
10/8/21,6/12/21,Central Region,Unvaccinated,167,7,2,3655904
10/8/21,6/19/21,Central Region,Unvaccinated,148,1,2,3600285
10/8/21,6/12/21,Eastern Region,Fully Vaccinated,21,4,0,4240713
10/8/21,3/27/21,Central Region,Partially Vaccinated,188,9,6,1183549
10/8/21,7/10/21,Northwest Region,Fully Vaccinated,69,1,0,4538072
10/8/21,2/13/21,Northern Region,Fully Vaccinated,4,0,0,368013
10/8/21,3/27/21,Northwest Region,Partially Vaccinated,96,8,2,1183549
10/8/21,7/3/21,Northwest Region,Fully Vaccinated,35,2,0,4490259
10/8/21,3/6/21,Southwest Region,Partially Vaccinated,59,6,1,694965
10/8/21,8/28/21,Northwest Region,Fully Vaccinated,630,23,8,4858267
10/8/21,6/19/21,Northwest Region,Unvaccinated,157,8,1,3600285
10/8/21,8/21/21,Northwest Region,Partially Vaccinated,167,0,1,640106
10/8/21,2/27/21,Northern Region,Fully Vaccinated,13,0,0,747879
10/8/21,5/15/21,Northwest Region,Partially Vaccinated,42,4,2,856005
10/8/21,4/3/21,Southwest Region,Unvaccinated,1128,86,14,5504527
10/8/21,8/14/21,Northwest Region,Partially Vaccinated,115,4,0,626617
10/8/21,7/24/21,Central Region,Partially Vaccinated,34,0,0,540742
10/8/21,6/26/21,Northwest Region,Partially Vaccinated,10,2,0,529790
10/8/21,7/10/21,Southwest Region,Partially Vaccinated,14,1,0,532487
10/8/21,2/13/21,Northwest Region,Fully Vaccinated,10,0,1,368013
10/8/21,5/22/21,Eastern Region,Unvaccinated,604,26,4,3919186
10/8/21,7/3/21,Central Region,Unvaccinated,261,11,0,3504219
10/8/21,5/8/21,Southwest Region,Unvaccinated,809,55,14,4245819
10/8/21,2/6/21,Southwest Region,Partially Vaccinated,213,17,10,717155
10/8/21,6/5/21,Northwest Region,Unvaccinated,249,19,6,3722520
10/8/21,8/7/21,Eastern Region,Partially Vaccinated,217,12,0,601024
10/8/21,9/18/21,Eastern Region,Fully Vaccinated,678,20,2,5028173
10/8/21,3/27/21,Central Region,Fully Vaccinated,18,0,0,1461251
10/8/21,3/13/21,Northern Region,Partially Vaccinated,113,9,4,806400
10/8/21,7/3/21,Eastern Region,Fully Vaccinated,51,3,0,4490259
10/8/21,2/6/21,Southwest Region,Fully Vaccinated,4,0,0,230507
10/8/21,4/3/21,Southwest Region,Fully Vaccinated,20,3,0,1739758
10/8/21,3/27/21,Northern Region,Fully Vaccinated,45,2,2,1461251
10/8/21,4/17/21,Northwest Region,Unvaccinated,1411,59,16,4855680
10/8/21,1/23/21,Northern Region,Fully Vaccinated,1,0,0,83277
10/8/21,6/19/21,Eastern Region,Unvaccinated,238,20,2,3600285
10/8/21,8/7/21,Southwest Region,Fully Vaccinated,403,19,7,4701814
10/8/21,2/20/21,Northern Region,Fully Vaccinated,4,0,0,526984
10/8/21,3/6/21,Northern Region,Fully Vaccinated,11,1,1,915842
10/8/21,9/25/21,Northern Region,Fully Vaccinated,757,13,0,5080832
10/8/21,8/28/21,Northern Region,Partially Vaccinated,188,5,0,645620
10/8/21,3/6/21,Central Region,Fully Vaccinated,8,1,0,915842
10/8/21,1/30/21,Northern Region,Partially Vaccinated,125,8,3,638547
10/8/21,2/13/21,Central Region,Partially Vaccinated,163,13,3,699205
10/8/21,7/17/21,Eastern Region,Fully Vaccinated,111,3,2,4584665
10/8/21,4/3/21,Northern Region,Unvaccinated,2508,61,7,5504527
10/8/21,9/18/21,Southwest Region,Fully Vaccinated,701,22,4,5028173
10/8/21,2/27/21,Eastern Region,Fully Vaccinated,4,0,0,747879
10/8/21,4/24/21,Central Region,Fully Vaccinated,34,1,3,2710767
10/8/21,4/10/21,Northern Region,Unvaccinated,2335,46,13,5149240
10/8/21,2/6/21,Central Region,Partially Vaccinated,231,19,10,717155
10/8/21,2/27/21,Northwest Region,Partially Vaccinated,46,5,2,600567
10/8/21,2/20/21,Central Region,Fully Vaccinated,8,0,0,526984
10/8/21,6/19/21,Northwest Region,Fully Vaccinated,19,1,0,4358488
10/8/21,8/14/21,Northern Region,Partially Vaccinated,159,3,0,626617
10/8/21,9/25/21,Southwest Region,Partially Vaccinated,301,9,2,633573
10/8/21,5/1/21,Central Region,Partially Vaccinated,66,1,0,1105921
10/8/21,2/6/21,Northwest Region,Unvaccinated,3382,82,28,7587857
10/8/21,6/26/21,Northern Region,Fully Vaccinated,51,0,0,4231522
10/8/21,6/12/21,Eastern Region,Unvaccinated,261,15,3,3655904
10/8/21,7/17/21,Eastern Region,Unvaccinated,702,38,7,3421864
10/8/21,10/2/21,Southwest Region,Partially Vaccinated,244,6,0,629834
10/8/21,8/28/21,Central Region,Fully Vaccinated,529,12,9,4858267
10/8/21,5/15/21,Northwest Region,Unvaccinated,634,21,4,4110357
10/8/21,3/20/21,Central Region,Fully Vaccinated,6,1,0,1217887
10/8/21,9/11/21,Southwest Region,Partially Vaccinated,417,11,2,647277
10/8/21,9/25/21,Northern Region,Partially Vaccinated,185,2,1,633573
10/8/21,9/25/21,Northwest Region,Partially Vaccinated,218,3,2,633573
10/8/21,9/18/21,Central Region,Partially Vaccinated,257,8,1,643002
10/8/21,1/30/21,Northwest Region,Partially Vaccinated,169,9,4,638547
10/8/21,5/8/21,Eastern Region,Fully Vaccinated,38,5,2,3318397
10/8/21,5/15/21,Eastern Region,Fully Vaccinated,25,0,1,3569157
10/8/21,5/29/21,Eastern Region,Unvaccinated,475,18,8,3798039
10/8/21,4/3/21,Eastern Region,Unvaccinated,2004,75,16,5504527
10/8/21,8/28/21,Southwest Region,Unvaccinated,4001,127,46,3031632
10/8/21,7/10/21,Northwest Region,Partially Vaccinated,15,2,0,532487
10/8/21,7/31/21,Eastern Region,Unvaccinated,1886,97,19,3306536
10/8/21,8/7/21,Northwest Region,Fully Vaccinated,434,20,8,4701814
10/8/21,5/15/21,Northern Region,Unvaccinated,571,26,7,4110357
10/8/21,9/18/21,Southwest Region,Partially Vaccinated,355,13,1,643002
10/8/21,9/25/21,Central Region,Partially Vaccinated,222,4,0,633573
10/8/21,9/25/21,Northern Region,Unvaccinated,1992,36,2,2821114
10/8/21,1/23/21,Southwest Region,Partially Vaccinated,341,18,22,446279
10/8/21,2/20/21,Southwest Region,Partially Vaccinated,105,7,1,647924
10/8/21,10/2/21,Northern Region,Fully Vaccinated,476,8,1,5120108
10/8/21,8/21/21,Northern Region,Fully Vaccinated,917,28,5,4798623
10/8/21,10/2/21,Central Region,Fully Vaccinated,284,7,1,5120108
10/8/21,2/13/21,Central Region,Unvaccinated,3007,92,41,7468301
10/8/21,9/11/21,Southwest Region,Fully Vaccinated,668,15,8,4970796
10/8/21,4/17/21,Northwest Region,Partially Vaccinated,182,9,1,1294350
10/8/21,9/4/21,Northern Region,Fully Vaccinated,827,8,2,4918182
10/8/21,6/5/21,Southwest Region,Partially Vaccinated,12,1,0,731459
10/8/21,1/30/21,Northwest Region,Fully Vaccinated,0,0,0,141983
10/8/21,5/29/21,Eastern Region,Fully Vaccinated,32,2,0,3957822
10/8/21,4/10/21,Southwest Region,Fully Vaccinated,25,10,2,2049141
10/8/21,8/28/21,Eastern Region,Partially Vaccinated,356,20,8,645620
10/8/21,8/7/21,Central Region,Fully Vaccinated,451,13,9,4701814
10/8/21,8/21/21,Central Region,Unvaccinated,3190,37,37,3096790
10/8/21,4/24/21,Northwest Region,Fully Vaccinated,38,1,0,2710767
10/8/21,6/19/21,Southwest Region,Unvaccinated,169,21,3,3600285
10/8/21,4/17/21,Northern Region,Unvaccinated,1808,52,5,4855680
10/8/21,7/24/21,Northern Region,Fully Vaccinated,402,11,1,4624811
10/8/21,1/30/21,Eastern Region,Fully Vaccinated,0,0,0,141983
10/8/21,10/2/21,Northwest Region,Unvaccinated,3021,45,1,2785577
10/8/21,4/17/21,Eastern Region,Unvaccinated,1797,86,17,4855680
10/8/21,5/1/21,Northwest Region,Unvaccinated,1057,35,11,4383450
10/8/21,4/17/21,Northern Region,Fully Vaccinated,73,1,0,2385489
10/8/21,7/31/21,Northern Region,Unvaccinated,1039,31,5,3306536
10/8/21,3/20/21,Eastern Region,Unvaccinated,2355,109,27,6350647
10/8/21,7/24/21,Northern Region,Unvaccinated,732,19,3,3369966
10/8/21,2/13/21,Central Region,Fully Vaccinated,6,0,0,368013
10/8/21,8/28/21,Northwest Region,Unvaccinated,3640,75,28,3031632
10/8/21,4/17/21,Central Region,Fully Vaccinated,23,1,0,2385489
10/8/21,3/13/21,Central Region,Fully Vaccinated,11,0,0,1082723
10/8/21,4/3/21,Northwest Region,Fully Vaccinated,21,1,0,1739758
10/8/21,1/30/21,Northern Region,Unvaccinated,4754,112,35,7754989
10/8/21,4/3/21,Central Region,Unvaccinated,1622,50,21,5504527
10/8/21,9/11/21,Northwest Region,Partially Vaccinated,298,9,3,647277
10/8/21,8/21/21,Central Region,Partially Vaccinated,223,5,4,640106
10/8/21,9/18/21,Northwest Region,Partially Vaccinated,305,8,2,643002
10/8/21,5/29/21,Central Region,Partially Vaccinated,30,1,0,779658
10/8/21,6/26/21,Central Region,Fully Vaccinated,28,0,2,4231522
10/8/21,8/28/21,Northwest Region,Partially Vaccinated,262,7,1,645620
10/8/21,2/13/21,Northern Region,Unvaccinated,3361,68,19,7468301